<rts.Trace>
  <rts.units.UnitTypeTable moveConflictResolutionStrategy="1">
    <rts.units.UnitType ID="0" name="Resource" cost="1" hp="1" minDamage="1" maxDamage="1" attackRange="1" produceTime="10" moveTime="10" attackTime="10" harvestTime="10" returnTime="10" harvestAmount="1" sightRadius="0" isResource="true" isStockpile="false" canHarvest="false" canMove="false" canAttack="false">
    </rts.units.UnitType>
    <rts.units.UnitType ID="1" name="Base" cost="10" hp="10" minDamage="1" maxDamage="1" attackRange="1" produceTime="200" moveTime="10" attackTime="10" harvestTime="10" returnTime="10" harvestAmount="1" sightRadius="5" isResource="false" isStockpile="true" canHarvest="false" canMove="false" canAttack="false">
      <produces type="Worker">
      </produces>
      <producedBy type="Worker">
      </producedBy>
    </rts.units.UnitType>
    <rts.units.UnitType ID="2" name="Barracks" cost="5" hp="4" minDamage="1" maxDamage="1" attackRange="1" produceTime="100" moveTime="10" attackTime="10" harvestTime="10" returnTime="10" harvestAmount="1" sightRadius="3" isResource="false" isStockpile="false" canHarvest="false" canMove="false" canAttack="false">
      <produces type="Light">
      </produces>
      <produces type="Heavy">
      </produces>
      <produces type="Ranged">
      </produces>
      <producedBy type="Worker">
      </producedBy>
    </rts.units.UnitType>
    <rts.units.UnitType ID="3" name="Worker" cost="1" hp="1" minDamage="1" maxDamage="1" attackRange="1" produceTime="50" moveTime="10" attackTime="5" harvestTime="20" returnTime="10" harvestAmount="1" sightRadius="3" isResource="false" isStockpile="false" canHarvest="true" canMove="true" canAttack="true">
      <produces type="Base">
      </produces>
      <produces type="Barracks">
      </produces>
      <producedBy type="Base">
      </producedBy>
    </rts.units.UnitType>
    <rts.units.UnitType ID="4" name="Light" cost="2" hp="4" minDamage="2" maxDamage="2" attackRange="1" produceTime="80" moveTime="8" attackTime="5" harvestTime="10" returnTime="10" harvestAmount="1" sightRadius="2" isResource="false" isStockpile="false" canHarvest="false" canMove="true" canAttack="true">
      <producedBy type="Barracks">
      </producedBy>
    </rts.units.UnitType>
    <rts.units.UnitType ID="5" name="Heavy" cost="3" hp="8" minDamage="4" maxDamage="4" attackRange="1" produceTime="120" moveTime="10" attackTime="5" harvestTime="10" returnTime="10" harvestAmount="1" sightRadius="2" isResource="false" isStockpile="false" canHarvest="false" canMove="true" canAttack="true">
      <producedBy type="Barracks">
      </producedBy>
    </rts.units.UnitType>
    <rts.units.UnitType ID="6" name="Ranged" cost="2" hp="1" minDamage="1" maxDamage="1" attackRange="3" produceTime="100" moveTime="10" attackTime="5" harvestTime="10" returnTime="10" harvestAmount="1" sightRadius="3" isResource="false" isStockpile="false" canHarvest="false" canMove="true" canAttack="true">
      <producedBy type="Barracks">
      </producedBy>
    </rts.units.UnitType>
  </rts.units.UnitTypeTable>
  <entries>
    <rts.TraceEntry time = "0">
      <rts.PhysicalGameState width="8" height="8">
        <terrain>0000000000000000000000000000000000000000000000000000000000000000</terrain>
        <players>
          <rts.Player ID="0" resources="5">
          </rts.Player>
          <rts.Player ID="1" resources="5">
          </rts.Player>
        </players>
        <units>
          <rts.units.Unit type="Resource" ID="4" player="-1" x="0" y="0" resources="20" hitpoints="1" >
          </rts.units.Unit>
          <rts.units.Unit type="Resource" ID="5" player="-1" x="7" y="7" resources="20" hitpoints="1" >
          </rts.units.Unit>
          <rts.units.Unit type="Base" ID="60" player="0" x="0" y="2" resources="0" hitpoints="10" >
          </rts.units.Unit>
          <rts.units.Unit type="Worker" ID="61" player="0" x="0" y="1" resources="0" hitpoints="1" >
          </rts.units.Unit>
          <rts.units.Unit type="Base" ID="62" player="1" x="7" y="5" resources="0" hitpoints="10" >
          </rts.units.Unit>
          <rts.units.Unit type="Worker" ID="63" player="1" x="7" y="6" resources="0" hitpoints="1" >
          </rts.units.Unit>
          <rts.units.Unit type="Resource" ID="64" player="-1" x="1" y="0" resources="20" hitpoints="1" >
          </rts.units.Unit>
          <rts.units.Unit type="Resource" ID="65" player="-1" x="2" y="0" resources="20" hitpoints="1" >
          </rts.units.Unit>
          <rts.units.Unit type="Base" ID="66" player="0" x="2" y="2" resources="0" hitpoints="10" >
          </rts.units.Unit>
          <rts.units.Unit type="Worker" ID="67" player="0" x="2" y="1" resources="0" hitpoints="1" >
          </rts.units.Unit>
          <rts.units.Unit type="Base" ID="68" player="1" x="5" y="5" resources="0" hitpoints="10" >
          </rts.units.Unit>
          <rts.units.Unit type="Worker" ID="69" player="1" x="5" y="6" resources="0" hitpoints="1" >
          </rts.units.Unit>
          <rts.units.Unit type="Resource" ID="70" player="-1" x="5" y="7" resources="20" hitpoints="1" >
          </rts.units.Unit>
          <rts.units.Unit type="Resource" ID="71" player="-1" x="3" y="0" resources="20" hitpoints="1" >
          </rts.units.Unit>
          <rts.units.Unit type="Resource" ID="72" player="-1" x="4" y="0" resources="20" hitpoints="1" >
          </rts.units.Unit>
          <rts.units.Unit type="Base" ID="73" player="0" x="4" y="2" resources="0" hitpoints="10" >
          </rts.units.Unit>
          <rts.units.Unit type="Worker" ID="74" player="0" x="4" y="1" resources="0" hitpoints="1" >
          </rts.units.Unit>
          <rts.units.Unit type="Base" ID="75" player="1" x="3" y="5" resources="0" hitpoints="10" >
          </rts.units.Unit>
          <rts.units.Unit type="Worker" ID="76" player="1" x="3" y="6" resources="0" hitpoints="1" >
          </rts.units.Unit>
          <rts.units.Unit type="Resource" ID="77" player="-1" x="3" y="7" resources="20" hitpoints="1" >
          </rts.units.Unit>
          <rts.units.Unit type="Resource" ID="78" player="-1" x="5" y="0" resources="20" hitpoints="1" >
          </rts.units.Unit>
          <rts.units.Unit type="Resource" ID="79" player="-1" x="6" y="0" resources="20" hitpoints="1" >
          </rts.units.Unit>
          <rts.units.Unit type="Base" ID="80" player="0" x="6" y="2" resources="0" hitpoints="10" >
          </rts.units.Unit>
          <rts.units.Unit type="Worker" ID="81" player="0" x="6" y="1" resources="0" hitpoints="1" >
          </rts.units.Unit>
          <rts.units.Unit type="Base" ID="82" player="1" x="1" y="5" resources="0" hitpoints="10" >
          </rts.units.Unit>
          <rts.units.Unit type="Worker" ID="83" player="1" x="1" y="6" resources="0" hitpoints="1" >
          </rts.units.Unit>
          <rts.units.Unit type="Resource" ID="84" player="-1" x="1" y="7" resources="20" hitpoints="1" >
          </rts.units.Unit>
          <rts.units.Unit type="Resource" ID="85" player="-1" x="2" y="7" resources="20" hitpoints="1" >
          </rts.units.Unit>
          <rts.units.Unit type="Resource" ID="86" player="-1" x="4" y="7" resources="20" hitpoints="1" >
          </rts.units.Unit>
          <rts.units.Unit type="Resource" ID="87" player="-1" x="6" y="7" resources="20" hitpoints="1" >
          </rts.units.Unit>
        </units>
      </rts.PhysicalGameState>
      <actions>
      </actions>
    </rts.TraceEntry>
    <rts.TraceEntry time = "0">
      <rts.PhysicalGameState width="8" height="8">
        <terrain>0000000000000000000000000000000000000000000000000000000000000000</terrain>
        <players>
          <rts.Player ID="0" resources="5">
          </rts.Player>
          <rts.Player ID="1" resources="5">
          </rts.Player>
        </players>
        <units>
          <rts.units.Unit type="Resource" ID="4" player="-1" x="0" y="0" resources="20" hitpoints="1" >
          </rts.units.Unit>
          <rts.units.Unit type="Resource" ID="5" player="-1" x="7" y="7" resources="20" hitpoints="1" >
          </rts.units.Unit>
          <rts.units.Unit type="Base" ID="60" player="0" x="0" y="2" resources="0" hitpoints="10" >
          </rts.units.Unit>
          <rts.units.Unit type="Worker" ID="61" player="0" x="0" y="1" resources="0" hitpoints="1" >
          </rts.units.Unit>
          <rts.units.Unit type="Base" ID="62" player="1" x="7" y="5" resources="0" hitpoints="10" >
          </rts.units.Unit>
          <rts.units.Unit type="Worker" ID="63" player="1" x="7" y="6" resources="0" hitpoints="1" >
          </rts.units.Unit>
          <rts.units.Unit type="Resource" ID="64" player="-1" x="1" y="0" resources="20" hitpoints="1" >
          </rts.units.Unit>
          <rts.units.Unit type="Resource" ID="65" player="-1" x="2" y="0" resources="20" hitpoints="1" >
          </rts.units.Unit>
          <rts.units.Unit type="Base" ID="66" player="0" x="2" y="2" resources="0" hitpoints="10" >
          </rts.units.Unit>
          <rts.units.Unit type="Worker" ID="67" player="0" x="2" y="1" resources="0" hitpoints="1" >
          </rts.units.Unit>
          <rts.units.Unit type="Base" ID="68" player="1" x="5" y="5" resources="0" hitpoints="10" >
          </rts.units.Unit>
          <rts.units.Unit type="Worker" ID="69" player="1" x="5" y="6" resources="0" hitpoints="1" >
          </rts.units.Unit>
          <rts.units.Unit type="Resource" ID="70" player="-1" x="5" y="7" resources="20" hitpoints="1" >
          </rts.units.Unit>
          <rts.units.Unit type="Resource" ID="71" player="-1" x="3" y="0" resources="20" hitpoints="1" >
          </rts.units.Unit>
          <rts.units.Unit type="Resource" ID="72" player="-1" x="4" y="0" resources="20" hitpoints="1" >
          </rts.units.Unit>
          <rts.units.Unit type="Base" ID="73" player="0" x="4" y="2" resources="0" hitpoints="10" >
          </rts.units.Unit>
          <rts.units.Unit type="Worker" ID="74" player="0" x="4" y="1" resources="0" hitpoints="1" >
          </rts.units.Unit>
          <rts.units.Unit type="Base" ID="75" player="1" x="3" y="5" resources="0" hitpoints="10" >
          </rts.units.Unit>
          <rts.units.Unit type="Worker" ID="76" player="1" x="3" y="6" resources="0" hitpoints="1" >
          </rts.units.Unit>
          <rts.units.Unit type="Resource" ID="77" player="-1" x="3" y="7" resources="20" hitpoints="1" >
          </rts.units.Unit>
          <rts.units.Unit type="Resource" ID="78" player="-1" x="5" y="0" resources="20" hitpoints="1" >
          </rts.units.Unit>
          <rts.units.Unit type="Resource" ID="79" player="-1" x="6" y="0" resources="20" hitpoints="1" >
          </rts.units.Unit>
          <rts.units.Unit type="Base" ID="80" player="0" x="6" y="2" resources="0" hitpoints="10" >
          </rts.units.Unit>
          <rts.units.Unit type="Worker" ID="81" player="0" x="6" y="1" resources="0" hitpoints="1" >
          </rts.units.Unit>
          <rts.units.Unit type="Base" ID="82" player="1" x="1" y="5" resources="0" hitpoints="10" >
          </rts.units.Unit>
          <rts.units.Unit type="Worker" ID="83" player="1" x="1" y="6" resources="0" hitpoints="1" >
          </rts.units.Unit>
          <rts.units.Unit type="Resource" ID="84" player="-1" x="1" y="7" resources="20" hitpoints="1" >
          </rts.units.Unit>
          <rts.units.Unit type="Resource" ID="85" player="-1" x="2" y="7" resources="20" hitpoints="1" >
          </rts.units.Unit>
          <rts.units.Unit type="Resource" ID="86" player="-1" x="4" y="7" resources="20" hitpoints="1" >
          </rts.units.Unit>
          <rts.units.Unit type="Resource" ID="87" player="-1" x="6" y="7" resources="20" hitpoints="1" >
          </rts.units.Unit>
        </units>
      </rts.PhysicalGameState>
      <actions>
        <action unitID="67">
          <UnitAction type="0" parameter="10">
          </UnitAction>
        </action>
        <action unitID="73">
          <UnitAction type="4" parameter="1" unitType="Worker">
          </UnitAction>
        </action>
        <action unitID="66">
          <UnitAction type="4" parameter="1" unitType="Worker">
          </UnitAction>
        </action>
        <action unitID="74">
          <UnitAction type="0" parameter="10">
          </UnitAction>
        </action>
        <action unitID="80">
          <UnitAction type="0" parameter="10">
          </UnitAction>
        </action>
        <action unitID="60">
          <UnitAction type="4" parameter="2" unitType="Worker">
          </UnitAction>
        </action>
        <action unitID="81">
          <UnitAction type="1" parameter="1">
          </UnitAction>
        </action>
        <action unitID="61">
          <UnitAction type="2" parameter="0">
          </UnitAction>
        </action>
        <action unitID="63">
          <UnitAction type="1" parameter="3">
          </UnitAction>
        </action>
        <action unitID="69">
          <UnitAction type="2" parameter="2">
          </UnitAction>
        </action>
        <action unitID="76">
          <UnitAction type="2" parameter="2">
          </UnitAction>
        </action>
        <action unitID="83">
          <UnitAction type="2" parameter="2">
          </UnitAction>
        </action>
        <action unitID="62">
          <UnitAction type="0" parameter="10">
          </UnitAction>
        </action>
        <action unitID="68">
          <UnitAction type="0" parameter="10">
          </UnitAction>
        </action>
        <action unitID="75">
          <UnitAction type="0" parameter="10">
          </UnitAction>
        </action>
        <action unitID="82">
          <UnitAction type="0" parameter="10">
          </UnitAction>
        </action>
      </actions>
    </rts.TraceEntry>
    <rts.TraceEntry time = "10">
      <rts.PhysicalGameState width="8" height="8">
        <terrain>0000000000000000000000000000000000000000000000000000000000000000</terrain>
        <players>
          <rts.Player ID="0" resources="5">
          </rts.Player>
          <rts.Player ID="1" resources="5">
          </rts.Player>
        </players>
        <units>
          <rts.units.Unit type="Resource" ID="4" player="-1" x="0" y="0" resources="20" hitpoints="1" >
          </rts.units.Unit>
          <rts.units.Unit type="Resource" ID="5" player="-1" x="7" y="7" resources="20" hitpoints="1" >
          </rts.units.Unit>
          <rts.units.Unit type="Base" ID="60" player="0" x="0" y="2" resources="0" hitpoints="10" >
          </rts.units.Unit>
          <rts.units.Unit type="Worker" ID="61" player="0" x="0" y="1" resources="0" hitpoints="1" >
          </rts.units.Unit>
          <rts.units.Unit type="Base" ID="62" player="1" x="7" y="5" resources="0" hitpoints="10" >
          </rts.units.Unit>
          <rts.units.Unit type="Worker" ID="63" player="1" x="6" y="6" resources="0" hitpoints="1" >
          </rts.units.Unit>
          <rts.units.Unit type="Resource" ID="64" player="-1" x="1" y="0" resources="20" hitpoints="1" >
          </rts.units.Unit>
          <rts.units.Unit type="Resource" ID="65" player="-1" x="2" y="0" resources="20" hitpoints="1" >
          </rts.units.Unit>
          <rts.units.Unit type="Base" ID="66" player="0" x="2" y="2" resources="0" hitpoints="10" >
          </rts.units.Unit>
          <rts.units.Unit type="Worker" ID="67" player="0" x="2" y="1" resources="0" hitpoints="1" >
          </rts.units.Unit>
          <rts.units.Unit type="Base" ID="68" player="1" x="5" y="5" resources="0" hitpoints="10" >
          </rts.units.Unit>
          <rts.units.Unit type="Worker" ID="69" player="1" x="5" y="6" resources="0" hitpoints="1" >
          </rts.units.Unit>
          <rts.units.Unit type="Resource" ID="70" player="-1" x="5" y="7" resources="20" hitpoints="1" >
          </rts.units.Unit>
          <rts.units.Unit type="Resource" ID="71" player="-1" x="3" y="0" resources="20" hitpoints="1" >
          </rts.units.Unit>
          <rts.units.Unit type="Resource" ID="72" player="-1" x="4" y="0" resources="20" hitpoints="1" >
          </rts.units.Unit>
          <rts.units.Unit type="Base" ID="73" player="0" x="4" y="2" resources="0" hitpoints="10" >
          </rts.units.Unit>
          <rts.units.Unit type="Worker" ID="74" player="0" x="4" y="1" resources="0" hitpoints="1" >
          </rts.units.Unit>
          <rts.units.Unit type="Base" ID="75" player="1" x="3" y="5" resources="0" hitpoints="10" >
          </rts.units.Unit>
          <rts.units.Unit type="Worker" ID="76" player="1" x="3" y="6" resources="0" hitpoints="1" >
          </rts.units.Unit>
          <rts.units.Unit type="Resource" ID="77" player="-1" x="3" y="7" resources="20" hitpoints="1" >
          </rts.units.Unit>
          <rts.units.Unit type="Resource" ID="78" player="-1" x="5" y="0" resources="20" hitpoints="1" >
          </rts.units.Unit>
          <rts.units.Unit type="Resource" ID="79" player="-1" x="6" y="0" resources="20" hitpoints="1" >
          </rts.units.Unit>
          <rts.units.Unit type="Base" ID="80" player="0" x="6" y="2" resources="0" hitpoints="10" >
          </rts.units.Unit>
          <rts.units.Unit type="Worker" ID="81" player="0" x="7" y="1" resources="0" hitpoints="1" >
          </rts.units.Unit>
          <rts.units.Unit type="Base" ID="82" player="1" x="1" y="5" resources="0" hitpoints="10" >
          </rts.units.Unit>
          <rts.units.Unit type="Worker" ID="83" player="1" x="1" y="6" resources="0" hitpoints="1" >
          </rts.units.Unit>
          <rts.units.Unit type="Resource" ID="84" player="-1" x="1" y="7" resources="20" hitpoints="1" >
          </rts.units.Unit>
          <rts.units.Unit type="Resource" ID="85" player="-1" x="2" y="7" resources="20" hitpoints="1" >
          </rts.units.Unit>
          <rts.units.Unit type="Resource" ID="86" player="-1" x="4" y="7" resources="20" hitpoints="1" >
          </rts.units.Unit>
          <rts.units.Unit type="Resource" ID="87" player="-1" x="6" y="7" resources="20" hitpoints="1" >
          </rts.units.Unit>
        </units>
      </rts.PhysicalGameState>
      <actions>
        <action unitID="74">
          <UnitAction type="0" parameter="10">
          </UnitAction>
        </action>
        <action unitID="80">
          <UnitAction type="4" parameter="0" unitType="Worker">
          </UnitAction>
        </action>
        <action unitID="81">
          <UnitAction type="1" parameter="2">
          </UnitAction>
        </action>
        <action unitID="67">
          <UnitAction type="1" parameter="3">
          </UnitAction>
        </action>
        <action unitID="63">
          <UnitAction type="1" parameter="0">
          </UnitAction>
        </action>
        <action unitID="62">
          <UnitAction type="0" parameter="10">
          </UnitAction>
        </action>
        <action unitID="68">
          <UnitAction type="0" parameter="10">
          </UnitAction>
        </action>
        <action unitID="75">
          <UnitAction type="0" parameter="10">
          </UnitAction>
        </action>
        <action unitID="82">
          <UnitAction type="0" parameter="10">
          </UnitAction>
        </action>
      </actions>
    </rts.TraceEntry>
    <rts.TraceEntry time = "20">
      <rts.PhysicalGameState width="8" height="8">
        <terrain>0000000000000000000000000000000000000000000000000000000000000000</terrain>
        <players>
          <rts.Player ID="0" resources="5">
          </rts.Player>
          <rts.Player ID="1" resources="5">
          </rts.Player>
        </players>
        <units>
          <rts.units.Unit type="Resource" ID="4" player="-1" x="0" y="0" resources="19" hitpoints="1" >
          </rts.units.Unit>
          <rts.units.Unit type="Resource" ID="5" player="-1" x="7" y="7" resources="20" hitpoints="1" >
          </rts.units.Unit>
          <rts.units.Unit type="Base" ID="60" player="0" x="0" y="2" resources="0" hitpoints="10" >
          </rts.units.Unit>
          <rts.units.Unit type="Worker" ID="61" player="0" x="0" y="1" resources="1" hitpoints="1" >
          </rts.units.Unit>
          <rts.units.Unit type="Base" ID="62" player="1" x="7" y="5" resources="0" hitpoints="10" >
          </rts.units.Unit>
          <rts.units.Unit type="Worker" ID="63" player="1" x="6" y="5" resources="0" hitpoints="1" >
          </rts.units.Unit>
          <rts.units.Unit type="Resource" ID="64" player="-1" x="1" y="0" resources="20" hitpoints="1" >
          </rts.units.Unit>
          <rts.units.Unit type="Resource" ID="65" player="-1" x="2" y="0" resources="20" hitpoints="1" >
          </rts.units.Unit>
          <rts.units.Unit type="Base" ID="66" player="0" x="2" y="2" resources="0" hitpoints="10" >
          </rts.units.Unit>
          <rts.units.Unit type="Worker" ID="67" player="0" x="1" y="1" resources="0" hitpoints="1" >
          </rts.units.Unit>
          <rts.units.Unit type="Base" ID="68" player="1" x="5" y="5" resources="0" hitpoints="10" >
          </rts.units.Unit>
          <rts.units.Unit type="Worker" ID="69" player="1" x="5" y="6" resources="1" hitpoints="1" >
          </rts.units.Unit>
          <rts.units.Unit type="Resource" ID="70" player="-1" x="5" y="7" resources="19" hitpoints="1" >
          </rts.units.Unit>
          <rts.units.Unit type="Resource" ID="71" player="-1" x="3" y="0" resources="20" hitpoints="1" >
          </rts.units.Unit>
          <rts.units.Unit type="Resource" ID="72" player="-1" x="4" y="0" resources="20" hitpoints="1" >
          </rts.units.Unit>
          <rts.units.Unit type="Base" ID="73" player="0" x="4" y="2" resources="0" hitpoints="10" >
          </rts.units.Unit>
          <rts.units.Unit type="Worker" ID="74" player="0" x="4" y="1" resources="0" hitpoints="1" >
          </rts.units.Unit>
          <rts.units.Unit type="Base" ID="75" player="1" x="3" y="5" resources="0" hitpoints="10" >
          </rts.units.Unit>
          <rts.units.Unit type="Worker" ID="76" player="1" x="3" y="6" resources="1" hitpoints="1" >
          </rts.units.Unit>
          <rts.units.Unit type="Resource" ID="77" player="-1" x="3" y="7" resources="19" hitpoints="1" >
          </rts.units.Unit>
          <rts.units.Unit type="Resource" ID="78" player="-1" x="5" y="0" resources="20" hitpoints="1" >
          </rts.units.Unit>
          <rts.units.Unit type="Resource" ID="79" player="-1" x="6" y="0" resources="20" hitpoints="1" >
          </rts.units.Unit>
          <rts.units.Unit type="Base" ID="80" player="0" x="6" y="2" resources="0" hitpoints="10" >
          </rts.units.Unit>
          <rts.units.Unit type="Worker" ID="81" player="0" x="7" y="2" resources="0" hitpoints="1" >
          </rts.units.Unit>
          <rts.units.Unit type="Base" ID="82" player="1" x="1" y="5" resources="0" hitpoints="10" >
          </rts.units.Unit>
          <rts.units.Unit type="Worker" ID="83" player="1" x="1" y="6" resources="1" hitpoints="1" >
          </rts.units.Unit>
          <rts.units.Unit type="Resource" ID="84" player="-1" x="1" y="7" resources="19" hitpoints="1" >
          </rts.units.Unit>
          <rts.units.Unit type="Resource" ID="85" player="-1" x="2" y="7" resources="20" hitpoints="1" >
          </rts.units.Unit>
          <rts.units.Unit type="Resource" ID="86" player="-1" x="4" y="7" resources="20" hitpoints="1" >
          </rts.units.Unit>
          <rts.units.Unit type="Resource" ID="87" player="-1" x="6" y="7" resources="20" hitpoints="1" >
          </rts.units.Unit>
        </units>
      </rts.PhysicalGameState>
      <actions>
        <action unitID="81">
          <UnitAction type="1" parameter="2">
          </UnitAction>
        </action>
        <action unitID="61">
          <UnitAction type="3" parameter="2">
          </UnitAction>
        </action>
        <action unitID="67">
          <UnitAction type="1" parameter="2">
          </UnitAction>
        </action>
        <action unitID="74">
          <UnitAction type="0" parameter="10">
          </UnitAction>
        </action>
        <action unitID="63">
          <UnitAction type="4" parameter="0" unitType="Barracks">
          </UnitAction>
        </action>
        <action unitID="69">
          <UnitAction type="3" parameter="0">
          </UnitAction>
        </action>
        <action unitID="76">
          <UnitAction type="3" parameter="0">
          </UnitAction>
        </action>
        <action unitID="83">
          <UnitAction type="3" parameter="0">
          </UnitAction>
        </action>
        <action unitID="62">
          <UnitAction type="0" parameter="10">
          </UnitAction>
        </action>
        <action unitID="68">
          <UnitAction type="0" parameter="10">
          </UnitAction>
        </action>
        <action unitID="75">
          <UnitAction type="0" parameter="10">
          </UnitAction>
        </action>
        <action unitID="82">
          <UnitAction type="0" parameter="10">
          </UnitAction>
        </action>
      </actions>
    </rts.TraceEntry>
    <rts.TraceEntry time = "27">
      <rts.PhysicalGameState width="8" height="8">
        <terrain>0000000000000000000000000000000000000000000000000000000000000000</terrain>
        <players>
          <rts.Player ID="0" resources="5">
          </rts.Player>
          <rts.Player ID="1" resources="5">
          </rts.Player>
        </players>
        <units>
          <rts.units.Unit type="Resource" ID="4" player="-1" x="0" y="0" resources="19" hitpoints="1" >
          </rts.units.Unit>
          <rts.units.Unit type="Resource" ID="5" player="-1" x="7" y="7" resources="20" hitpoints="1" >
          </rts.units.Unit>
          <rts.units.Unit type="Base" ID="60" player="0" x="0" y="2" resources="0" hitpoints="10" >
          </rts.units.Unit>
          <rts.units.Unit type="Worker" ID="61" player="0" x="0" y="1" resources="1" hitpoints="1" >
          </rts.units.Unit>
          <rts.units.Unit type="Base" ID="62" player="1" x="7" y="5" resources="0" hitpoints="10" >
          </rts.units.Unit>
          <rts.units.Unit type="Worker" ID="63" player="1" x="6" y="5" resources="0" hitpoints="1" >
          </rts.units.Unit>
          <rts.units.Unit type="Resource" ID="64" player="-1" x="1" y="0" resources="20" hitpoints="1" >
          </rts.units.Unit>
          <rts.units.Unit type="Resource" ID="65" player="-1" x="2" y="0" resources="20" hitpoints="1" >
          </rts.units.Unit>
          <rts.units.Unit type="Base" ID="66" player="0" x="2" y="2" resources="0" hitpoints="10" >
          </rts.units.Unit>
          <rts.units.Unit type="Worker" ID="67" player="0" x="1" y="1" resources="0" hitpoints="1" >
          </rts.units.Unit>
          <rts.units.Unit type="Base" ID="68" player="1" x="5" y="5" resources="0" hitpoints="10" >
          </rts.units.Unit>
          <rts.units.Unit type="Worker" ID="69" player="1" x="5" y="6" resources="1" hitpoints="1" >
          </rts.units.Unit>
          <rts.units.Unit type="Resource" ID="70" player="-1" x="5" y="7" resources="19" hitpoints="1" >
          </rts.units.Unit>
          <rts.units.Unit type="Resource" ID="71" player="-1" x="3" y="0" resources="20" hitpoints="1" >
          </rts.units.Unit>
          <rts.units.Unit type="Resource" ID="72" player="-1" x="4" y="0" resources="20" hitpoints="1" >
          </rts.units.Unit>
          <rts.units.Unit type="Base" ID="73" player="0" x="4" y="2" resources="0" hitpoints="10" >
          </rts.units.Unit>
          <rts.units.Unit type="Worker" ID="74" player="0" x="4" y="1" resources="0" hitpoints="1" >
          </rts.units.Unit>
          <rts.units.Unit type="Base" ID="75" player="1" x="3" y="5" resources="0" hitpoints="10" >
          </rts.units.Unit>
          <rts.units.Unit type="Worker" ID="76" player="1" x="3" y="6" resources="1" hitpoints="1" >
          </rts.units.Unit>
          <rts.units.Unit type="Resource" ID="77" player="-1" x="3" y="7" resources="19" hitpoints="1" >
          </rts.units.Unit>
          <rts.units.Unit type="Resource" ID="78" player="-1" x="5" y="0" resources="20" hitpoints="1" >
          </rts.units.Unit>
          <rts.units.Unit type="Resource" ID="79" player="-1" x="6" y="0" resources="20" hitpoints="1" >
          </rts.units.Unit>
          <rts.units.Unit type="Base" ID="80" player="0" x="6" y="2" resources="0" hitpoints="10" >
          </rts.units.Unit>
          <rts.units.Unit type="Worker" ID="81" player="0" x="7" y="2" resources="0" hitpoints="1" >
          </rts.units.Unit>
          <rts.units.Unit type="Base" ID="82" player="1" x="1" y="5" resources="0" hitpoints="10" >
          </rts.units.Unit>
          <rts.units.Unit type="Worker" ID="83" player="1" x="1" y="6" resources="1" hitpoints="1" >
          </rts.units.Unit>
          <rts.units.Unit type="Resource" ID="84" player="-1" x="1" y="7" resources="19" hitpoints="1" >
          </rts.units.Unit>
          <rts.units.Unit type="Resource" ID="85" player="-1" x="2" y="7" resources="20" hitpoints="1" >
          </rts.units.Unit>
          <rts.units.Unit type="Resource" ID="86" player="-1" x="4" y="7" resources="20" hitpoints="1" >
          </rts.units.Unit>
          <rts.units.Unit type="Resource" ID="87" player="-1" x="6" y="7" resources="20" hitpoints="1" >
          </rts.units.Unit>
        </units>
      </rts.PhysicalGameState>
      <actions>
      </actions>
    </rts.TraceEntry>
  </entries>
</rts.Trace>
